{
    "enabled": "true",
    "neededInstalledMods": [],
    "neededUninstalledMods": [],
    "spawns": [
    {
      "id": "kyurem-1",
      "pokemon": "kyurem",
      "type": "pokemon",
      "context": "grounded",
      "bucket": "legendary",
      "level": "70",
      "weight": 3.0,
      "condition": {
        "isRaining": true,
        "biomes": [
                 "#cobblemon:is_glacial",
                 "#cobblemon:is_cold",
                 "#cobblemon:is_freezing",
                 "terralith:frozen_cliffs",
                 "terralith:glacial_chasm"
        ]
      }
    }
  ]
}
