{
  "enabled": true,
  "neededInstalledMods": [],
  "neededUninstalledMods": [],
  "spawns": [
    {
      "id": "walkingwake-1",
      "pokemon": "walkingwake",
      "presets": [],
      "type": "pokemon",
      "context": "grounded",
      "bucket": "legendary",
      "level": "70-70",
      "weight": 0.1,
      "condition": {
        "isThundering": false,
        "biomes": [
          "#minecraft:is_ocean",
          "minecraft:lush_cave"
        ]
      }
    }
  ]
}
